{
    "modes": {
        "1": {
            "octave_name": "oct1",
            "octave_channel": 2
        }
    },
    "lo_modes": {
        "1": {
            "mode_id": 1,
            "lo_freq": 6000000000.0,
            "gain": 0.0,
            "latest": 2
        }
    },
    "lo_cal": {
        "1": {
            "i0": -0.008983298800072667,
            "q0": 0.009485372982660745,
            "lo_mode_id": 1,
            "dc_gain": 0.009414092624808967,
            "dc_phase": -0.004990737455285384,
            "temperature": 59.5,
            "timestamp": 1723026331.6339436,
            "method": "auto"
        },
        "2": {
            "i0": -0.008992343566241066,
            "q0": 0.009450209093557847,
            "lo_mode_id": 1,
            "dc_gain": 0.009544858647398735,
            "dc_phase": -0.005061712963781055,
            "temperature": 59.5,
            "timestamp": 1723026696.6090322,
            "method": "auto"
        }
    },
    "if_modes": {
        "1": {
            "lo_mode_id": 1,
            "if_freq": 50000000.0,
            "latest": 2
        }
    },
    "if_cal": {
        "1": {
            "if_mode_id": 1,
            "gain": 0.009156844040187226,
            "phase": -0.01645990271324937,
            "temperature": 59.5,
            "timestamp": 1723026331.6409414,
            "method": "auto"
        },
        "2": {
            "if_mode_id": 1,
            "gain": 0.009172718677741032,
            "phase": -0.01665350807916953,
            "temperature": 59.5,
            "timestamp": 1723026696.621967,
            "method": "auto"
        }
    }
}